section,item_id,official_title,official_intent,record_type,timepoint,look_back,required_role,evidence_sources,controlled_values,caret_handling,blank_handling,not_applicable_handling,skip_rules,trigger_rules,timing_rules,dependencies,correction_rules,export_rules,technical_edits,sns_authoritative_field,sns_supporting_fields,ui_component,api_property,persistence_property,validation_code,export_code,audit_event,required_tests,current_status,confirmed_defect,proposed_correction,historical_data_impact,evidence,reviewer,owner_decision
A,A0050,Type of Record,,,,,,,,,,,,,,,,,,,,,,,,,,,UNVERIFIED,,,,,,
A,A0100,Facility Provider Numbers,,,,,,,,,,,,,,,,,,,,,,,,,,,UNVERIFIED,,,,,,
A,A0215,Site of Service at Admission,,,,,,,,,,,,,,,,,,,,,,,,,,,UNVERIFIED,,,,,,
A,A0220,Admission Date,,,,,,,,,,,,,,,,,,,,,,,,,,,UNVERIFIED,,,,,,
A,A0250,Reason for Record,,,,,,,,,,,,,,,,,,,,,,,,,,,UNVERIFIED,,,,,,
A,A0270,Discharge Date,,,,,,,,,,,,,,,,,,,,,,,,,,,UNVERIFIED,,,,,,
A,A0500,Legal Name of Patient,,,,,,,,,,,,,,,,,,,,,,,,,,,UNVERIFIED,,,,,,
A,A0550,Patient ZIP Code,,,,,,,,,,,,,,,,,,,,,,,,,,,UNVERIFIED,,,,,,
A,A0600,Social Security and Medicare Numbers,,,,,,,,,,,,,,,,,,,,,,,,,,,UNVERIFIED,,,,,,
A,A0700,Medicaid Number,,,,,,,,,,,,,,,,,,,,,,,,,,,UNVERIFIED,,,,,,
A,A0810,Sex,,,,,,,,,,,,,,,,,,,,,,,,,,,UNVERIFIED,,,,,,
A,A0900,Birth Date,,,,,,,,,,,,,,,,,,,,,,,,,,,UNVERIFIED,,,,,,
A,A1005,Ethnicity,,,,,,,,,,,,,,,,,,,,,,,,,,,UNVERIFIED,,,,,,
A,A1010,Race,,,,,,,,,,,,,,,,,,,,,,,,,,,UNVERIFIED,,,,,,
A,A1110,Language,,,,,,,,,,,,,,,,,,,,,,,,,,,UNVERIFIED,,,,,,
A,A1400,Payer Information,,,,,,,,,,,,,,,,,,,,,,,,,,,UNVERIFIED,,,,,,
A,A1805,Admitted From,,,,,,,,,,,,,,,,,,,,,,,,,,,UNVERIFIED,,,,,,
A,A1905,Living Arrangements,,,,,,,,,,,,,,,,,,,,,,,,,,,UNVERIFIED,,,,,,
A,A1910,Availability of Assistance,,,,,,,,,,,,,,,,,,,,,,,,,,,UNVERIFIED,,,,,,
A,A2115,Reason for Discharge,,,,,,,,,,,,,,,,,,,,,,,,,,,UNVERIFIED,,,,,,
F,F2000,CPR Preference,,,,,,,,,,,,,,,,,,,,,,,,,,,UNVERIFIED,,,,,,
F,F2100,Other Life-Sustaining Treatment Preferences,,,,,,,,,,,,,,,,,,,,,,,,,,,UNVERIFIED,,,,,,
F,F2200,Hospitalization Preference,,,,,,,,,,,,,,,,,,,,,,,,,,,UNVERIFIED,,,,,,
F,F3000,Spiritual/Existential Concerns,,,,,,,,,,,,,,,,,,,,,,,,,,,UNVERIFIED,,,,,,
I,I0010,Principal Diagnosis,,,,,,,,,,,,,,,,,,,,,,,,,,,UNVERIFIED,,,,,,
J,J0050,Death is Imminent,,,,,,,,,,,,,,,,,,,,,,,,,,,UNVERIFIED,,,,,,
J,J0900,Pain Screening,,,,,,,,,,,,,,,,,,,,,,,,,,,UNVERIFIED,,,,,,
J,J0905,Pain Active Problem,,,,,,,,,,,,,,,,,,,,,,,,,,,UNVERIFIED,,,,,,
J,J0910,Comprehensive Pain Assessment,,,,,,,,,,,,,,,,,,,,,,,,,,,UNVERIFIED,,,,,,
J,J0915,Neuropathic Pain,,,,,,,,,,,,,,,,,,,,,,,,,,,UNVERIFIED,,,,,,
J,J2030,Screening of Shortness of Breath,,,,,,,,,,,,,,,,,,,,,,,,,,,UNVERIFIED,,,,,,
J,J2040,Treatment for Shortness of Breath,,,,,,,,,,,,,,,,,,,,,,,,,,,UNVERIFIED,,,,,,
J,J2050,Symptom Impact Screening,,,,,,,,,,,,,,,,,,,,,,,,,,,UNVERIFIED,,,,,,
J,J2051,Symptom Impact,,,,,,,,,,,,,,,,,,,,,,,,,,,UNVERIFIED,,,,,,
J,J2052,Symptom Follow-up Visit (SFV),,,,,,,,,,,,,,,,,,,,,,,,,,,UNVERIFIED,,,,,,
J,J2053,SFV Symptom Impact,,,,,,,,,,,,,,,,,,,,,,,,,,,UNVERIFIED,,,,,,
M,M1190,Skin Conditions,,,,,,,,,,,,,,,,,,,,,,,,,,,UNVERIFIED,,,,,,
M,M1195,Types of Skin Conditions,,,,,,,,,,,,,,,,,,,,,,,,,,,UNVERIFIED,,,,,,
M,M1200,Skin and Ulcer/Injury Treatments,,,,,,,,,,,,,,,,,,,,,,,,,,,UNVERIFIED,,,,,,
N,N0500,Scheduled Opioid,,,,,,,,,,,,,,,,,,,,,,,,,,,UNVERIFIED,,,,,,
N,N0510,PRN Opioid,,,,,,,,,,,,,,,,,,,,,,,,,,,UNVERIFIED,,,,,,
N,N0520,Bowel Regimen,,,,,,,,,,,,,,,,,,,,,,,,,,,UNVERIFIED,,,,,,
Z,Z0350,Date Assessment was Completed,,,,,,,,,,,,,,,,,,,,,,,,,,,UNVERIFIED,,,,,,
Z,Z0400,Signature(s) of Person(s) Completing the Record,,,,,,,,,,,,,,,,,,,,,,,,,,,UNVERIFIED,,,,,,
Z,Z0500,Signature of Person Verifying Record Completion,,,,,,,,,,,,,,,,,,,,,,,,,,,UNVERIFIED,,,,,,
J,J2051A,Pain,,,,,,,,,,,,,,,,,,,,,,,,,,,UNVERIFIED,,,,,,
J,J2051B,Shortness of breath,,,,,,,,,,,,,,,,,,,,,,,,,,,UNVERIFIED,,,,,,
J,J2051C,Anxiety,,,,,,,,,,,,,,,,,,,,,,,,,,,UNVERIFIED,,,,,,
J,J2051D,Nausea,,,,,,,,,,,,,,,,,,,,,,,,,,,UNVERIFIED,,,,,,
J,J2051E,Vomiting,,,,,,,,,,,,,,,,,,,,,,,,,,,UNVERIFIED,,,,,,
J,J2051F,Diarrhea,,,,,,,,,,,,,,,,,,,,,,,,,,,UNVERIFIED,,,,,,
J,J2051G,Constipation,,,,,,,,,,,,,,,,,,,,,,,,,,,UNVERIFIED,,,,,,
J,J2051H,Agitation,,,,,,,,,,,,,,,,,,,,,,,,,,,UNVERIFIED,,,,,,
