section,top_level_item_id,subitem_id,official_title,official_concept,record_types,timepoints,look_back,permitted_values,caret_skip_value,not_applicable_handling,skip_dependencies,trigger_dependencies,correction_rule,export_rule,technical_edits,source_document,source_version,source_location,effective_date,applicable_errata,inventory_status,traceability_status
A,A0050,,Type of Record,UNVERIFIED,,,,,,,,,,,,HOPE Guidance Manual,v1.02,https://www.cms.gov/files/document/hope-guidance-manual-v1-02.pdf,2025-10-01,,OFFICIAL_ITEM_IDENTIFIED,UNVERIFIED
A,A0100,,Facility Provider Numbers,UNVERIFIED,,,,,,,,,,,,HOPE Guidance Manual,v1.02,https://www.cms.gov/files/document/hope-guidance-manual-v1-02.pdf,2025-10-01,,OFFICIAL_ITEM_IDENTIFIED,UNVERIFIED
A,A0215,,Site of Service at Admission,UNVERIFIED,,,,,,,,,,,,HOPE Guidance Manual,v1.02,https://www.cms.gov/files/document/hope-guidance-manual-v1-02.pdf,2025-10-01,,OFFICIAL_ITEM_IDENTIFIED,UNVERIFIED
A,A0220,,Admission Date,UNVERIFIED,,,,,,,,,,,,HOPE Guidance Manual,v1.02,https://www.cms.gov/files/document/hope-guidance-manual-v1-02.pdf,2025-10-01,,OFFICIAL_ITEM_IDENTIFIED,UNVERIFIED
A,A0250,,Reason for Record,UNVERIFIED,,,,,,,,,,,,HOPE Guidance Manual,v1.02,https://www.cms.gov/files/document/hope-guidance-manual-v1-02.pdf,2025-10-01,,OFFICIAL_ITEM_IDENTIFIED,UNVERIFIED
A,A0270,,Discharge Date,UNVERIFIED,,,,,,,,,,,,HOPE Guidance Manual,v1.02,https://www.cms.gov/files/document/hope-guidance-manual-v1-02.pdf,2025-10-01,,OFFICIAL_ITEM_IDENTIFIED,UNVERIFIED
A,A0500,,Legal Name of Patient,UNVERIFIED,,,,,,,,,,,,HOPE Guidance Manual,v1.02,https://www.cms.gov/files/document/hope-guidance-manual-v1-02.pdf,2025-10-01,,OFFICIAL_ITEM_IDENTIFIED,UNVERIFIED
A,A0550,,Patient ZIP Code,UNVERIFIED,,,,,,,,,,,,HOPE Guidance Manual,v1.02,https://www.cms.gov/files/document/hope-guidance-manual-v1-02.pdf,2025-10-01,,OFFICIAL_ITEM_IDENTIFIED,UNVERIFIED
A,A0600,,Social Security and Medicare Numbers,UNVERIFIED,,,,,,,,,,,,HOPE Guidance Manual,v1.02,https://www.cms.gov/files/document/hope-guidance-manual-v1-02.pdf,2025-10-01,,OFFICIAL_ITEM_IDENTIFIED,UNVERIFIED
A,A0700,,Medicaid Number,UNVERIFIED,,,,,,,,,,,,HOPE Guidance Manual,v1.02,https://www.cms.gov/files/document/hope-guidance-manual-v1-02.pdf,2025-10-01,,OFFICIAL_ITEM_IDENTIFIED,UNVERIFIED
A,A0810,,Sex,UNVERIFIED,,,,,,,,,,,,HOPE Guidance Manual,v1.02,https://www.cms.gov/files/document/hope-guidance-manual-v1-02.pdf,2025-10-01,,OFFICIAL_ITEM_IDENTIFIED,UNVERIFIED
A,A0900,,Birth Date,UNVERIFIED,,,,,,,,,,,,HOPE Guidance Manual,v1.02,https://www.cms.gov/files/document/hope-guidance-manual-v1-02.pdf,2025-10-01,,OFFICIAL_ITEM_IDENTIFIED,UNVERIFIED
A,A1005,,Ethnicity,UNVERIFIED,,,,,,,,,,,,HOPE Guidance Manual,v1.02,https://www.cms.gov/files/document/hope-guidance-manual-v1-02.pdf,2025-10-01,,OFFICIAL_ITEM_IDENTIFIED,UNVERIFIED
A,A1010,,Race,UNVERIFIED,,,,,,,,,,,,HOPE Guidance Manual,v1.02,https://www.cms.gov/files/document/hope-guidance-manual-v1-02.pdf,2025-10-01,,OFFICIAL_ITEM_IDENTIFIED,UNVERIFIED
A,A1110,,Language,UNVERIFIED,,,,,,,,,,,,HOPE Guidance Manual,v1.02,https://www.cms.gov/files/document/hope-guidance-manual-v1-02.pdf,2025-10-01,,OFFICIAL_ITEM_IDENTIFIED,UNVERIFIED
A,A1400,,Payer Information,UNVERIFIED,,,,,,,,,,,,HOPE Guidance Manual,v1.02,https://www.cms.gov/files/document/hope-guidance-manual-v1-02.pdf,2025-10-01,,OFFICIAL_ITEM_IDENTIFIED,UNVERIFIED
A,A1805,,Admitted From,UNVERIFIED,,,,,,,,,,,,HOPE Guidance Manual,v1.02,https://www.cms.gov/files/document/hope-guidance-manual-v1-02.pdf,2025-10-01,,OFFICIAL_ITEM_IDENTIFIED,UNVERIFIED
A,A1905,,Living Arrangements,UNVERIFIED,,,,,,,,,,,,HOPE Guidance Manual,v1.02,https://www.cms.gov/files/document/hope-guidance-manual-v1-02.pdf,2025-10-01,,OFFICIAL_ITEM_IDENTIFIED,UNVERIFIED
A,A1910,,Availability of Assistance,UNVERIFIED,,,,,,,,,,,,HOPE Guidance Manual,v1.02,https://www.cms.gov/files/document/hope-guidance-manual-v1-02.pdf,2025-10-01,,OFFICIAL_ITEM_IDENTIFIED,UNVERIFIED
A,A2115,,Reason for Discharge,UNVERIFIED,,,,,,,,,,,,HOPE Guidance Manual,v1.02,https://www.cms.gov/files/document/hope-guidance-manual-v1-02.pdf,2025-10-01,,OFFICIAL_ITEM_IDENTIFIED,UNVERIFIED
F,F2000,,CPR Preference,UNVERIFIED,,,,,,,,,,,,HOPE Guidance Manual,v1.02,https://www.cms.gov/files/document/hope-guidance-manual-v1-02.pdf,2025-10-01,,OFFICIAL_ITEM_IDENTIFIED,UNVERIFIED
F,F2100,,Other Life-Sustaining Treatment Preferences,UNVERIFIED,,,,,,,,,,,,HOPE Guidance Manual,v1.02,https://www.cms.gov/files/document/hope-guidance-manual-v1-02.pdf,2025-10-01,,OFFICIAL_ITEM_IDENTIFIED,UNVERIFIED
F,F2200,,Hospitalization Preference,UNVERIFIED,,,,,,,,,,,,HOPE Guidance Manual,v1.02,https://www.cms.gov/files/document/hope-guidance-manual-v1-02.pdf,2025-10-01,,OFFICIAL_ITEM_IDENTIFIED,UNVERIFIED
F,F3000,,Spiritual/Existential Concerns,UNVERIFIED,,,,,,,,,,,,HOPE Guidance Manual,v1.02,https://www.cms.gov/files/document/hope-guidance-manual-v1-02.pdf,2025-10-01,,OFFICIAL_ITEM_IDENTIFIED,UNVERIFIED
I,I0010,,Principal Diagnosis,UNVERIFIED,,,,,,,,,,,,HOPE Guidance Manual,v1.02,https://www.cms.gov/files/document/hope-guidance-manual-v1-02.pdf,2025-10-01,,OFFICIAL_ITEM_IDENTIFIED,UNVERIFIED
J,J0050,,Death is Imminent,UNVERIFIED,,,,,,,,,,,,HOPE Guidance Manual,v1.02,https://www.cms.gov/files/document/hope-guidance-manual-v1-02.pdf,2025-10-01,,OFFICIAL_ITEM_IDENTIFIED,UNVERIFIED
J,J0900,,Pain Screening,UNVERIFIED,,,,,,,,,,,,HOPE Guidance Manual,v1.02,https://www.cms.gov/files/document/hope-guidance-manual-v1-02.pdf,2025-10-01,,OFFICIAL_ITEM_IDENTIFIED,UNVERIFIED
J,J0905,,Pain Active Problem,UNVERIFIED,,,,,,,,,,,,HOPE Guidance Manual,v1.02,https://www.cms.gov/files/document/hope-guidance-manual-v1-02.pdf,2025-10-01,,OFFICIAL_ITEM_IDENTIFIED,UNVERIFIED
J,J0910,,Comprehensive Pain Assessment,UNVERIFIED,,,,,,,,,,,,HOPE Guidance Manual,v1.02,https://www.cms.gov/files/document/hope-guidance-manual-v1-02.pdf,2025-10-01,,OFFICIAL_ITEM_IDENTIFIED,UNVERIFIED
J,J0915,,Neuropathic Pain,UNVERIFIED,,,,,,,,,,,,HOPE Guidance Manual,v1.02,https://www.cms.gov/files/document/hope-guidance-manual-v1-02.pdf,2025-10-01,,OFFICIAL_ITEM_IDENTIFIED,UNVERIFIED
J,J2030,,Screening of Shortness of Breath,UNVERIFIED,,,,,,,,,,,,HOPE Guidance Manual,v1.02,https://www.cms.gov/files/document/hope-guidance-manual-v1-02.pdf,2025-10-01,,OFFICIAL_ITEM_IDENTIFIED,UNVERIFIED
J,J2040,,Treatment for Shortness of Breath,UNVERIFIED,,,,,,,,,,,,HOPE Guidance Manual,v1.02,https://www.cms.gov/files/document/hope-guidance-manual-v1-02.pdf,2025-10-01,,OFFICIAL_ITEM_IDENTIFIED,UNVERIFIED
J,J2050,,Symptom Impact Screening,UNVERIFIED,,,,,,,,,,,,HOPE Guidance Manual,v1.02,https://www.cms.gov/files/document/hope-guidance-manual-v1-02.pdf,2025-10-01,,OFFICIAL_ITEM_IDENTIFIED,UNVERIFIED
J,J2051,,Symptom Impact,UNVERIFIED,,,,,,,,,,,,HOPE Guidance Manual,v1.02,https://www.cms.gov/files/document/hope-guidance-manual-v1-02.pdf,2025-10-01,,OFFICIAL_ITEM_IDENTIFIED,UNVERIFIED
J,J2052,,Symptom Follow-up Visit (SFV),UNVERIFIED,,,,,,,,,,,,HOPE Guidance Manual,v1.02,https://www.cms.gov/files/document/hope-guidance-manual-v1-02.pdf,2025-10-01,,OFFICIAL_ITEM_IDENTIFIED,UNVERIFIED
J,J2053,,SFV Symptom Impact,UNVERIFIED,,,,,,,,,,,,HOPE Guidance Manual,v1.02,https://www.cms.gov/files/document/hope-guidance-manual-v1-02.pdf,2025-10-01,,OFFICIAL_ITEM_IDENTIFIED,UNVERIFIED
M,M1190,,Skin Conditions,UNVERIFIED,,,,,,,,,,,,HOPE Guidance Manual,v1.02,https://www.cms.gov/files/document/hope-guidance-manual-v1-02.pdf,2025-10-01,,OFFICIAL_ITEM_IDENTIFIED,UNVERIFIED
M,M1195,,Types of Skin Conditions,UNVERIFIED,,,,,,,,,,,,HOPE Guidance Manual,v1.02,https://www.cms.gov/files/document/hope-guidance-manual-v1-02.pdf,2025-10-01,,OFFICIAL_ITEM_IDENTIFIED,UNVERIFIED
M,M1200,,Skin and Ulcer/Injury Treatments,UNVERIFIED,,,,,,,,,,,,HOPE Guidance Manual,v1.02,https://www.cms.gov/files/document/hope-guidance-manual-v1-02.pdf,2025-10-01,,OFFICIAL_ITEM_IDENTIFIED,UNVERIFIED
N,N0500,,Scheduled Opioid,UNVERIFIED,,,,,,,,,,,,HOPE Guidance Manual,v1.02,https://www.cms.gov/files/document/hope-guidance-manual-v1-02.pdf,2025-10-01,,OFFICIAL_ITEM_IDENTIFIED,UNVERIFIED
N,N0510,,PRN Opioid,UNVERIFIED,,,,,,,,,,,,HOPE Guidance Manual,v1.02,https://www.cms.gov/files/document/hope-guidance-manual-v1-02.pdf,2025-10-01,,OFFICIAL_ITEM_IDENTIFIED,UNVERIFIED
N,N0520,,Bowel Regimen,UNVERIFIED,,,,,,,,,,,,HOPE Guidance Manual,v1.02,https://www.cms.gov/files/document/hope-guidance-manual-v1-02.pdf,2025-10-01,,OFFICIAL_ITEM_IDENTIFIED,UNVERIFIED
Z,Z0350,,Date Assessment was Completed,UNVERIFIED,,,,,,,,,,,,HOPE Guidance Manual,v1.02,https://www.cms.gov/files/document/hope-guidance-manual-v1-02.pdf,2025-10-01,,OFFICIAL_ITEM_IDENTIFIED,UNVERIFIED
Z,Z0400,,Signature(s) of Person(s) Completing the Record,UNVERIFIED,,,,,,,,,,,,HOPE Guidance Manual,v1.02,https://www.cms.gov/files/document/hope-guidance-manual-v1-02.pdf,2025-10-01,,OFFICIAL_ITEM_IDENTIFIED,UNVERIFIED
Z,Z0500,,Signature of Person Verifying Record Completion,UNVERIFIED,,,,,,,,,,,,HOPE Guidance Manual,v1.02,https://www.cms.gov/files/document/hope-guidance-manual-v1-02.pdf,2025-10-01,,OFFICIAL_ITEM_IDENTIFIED,UNVERIFIED
J,J2051,J2051A,Pain,Symptom Impact,,,,0|1|2|3|9,,9 = Not applicable,,Moderate/Severe may trigger SFV,,,,HOPE Guidance Manual,v1.02,https://www.cms.gov/files/document/hope-guidance-manual-v1-02.pdf,2025-10-01,,OFFICIAL_SUBITEM_IDENTIFIED,UNVERIFIED
J,J2051,J2051B,Shortness of breath,Symptom Impact,,,,0|1|2|3|9,,9 = Not applicable,,Moderate/Severe may trigger SFV,,,,HOPE Guidance Manual,v1.02,https://www.cms.gov/files/document/hope-guidance-manual-v1-02.pdf,2025-10-01,,OFFICIAL_SUBITEM_IDENTIFIED,UNVERIFIED
J,J2051,J2051C,Anxiety,Symptom Impact,,,,0|1|2|3|9,,9 = Not applicable,,Moderate/Severe may trigger SFV,,,,HOPE Guidance Manual,v1.02,https://www.cms.gov/files/document/hope-guidance-manual-v1-02.pdf,2025-10-01,,OFFICIAL_SUBITEM_IDENTIFIED,UNVERIFIED
J,J2051,J2051D,Nausea,Symptom Impact,,,,0|1|2|3|9,,9 = Not applicable,,Moderate/Severe may trigger SFV,,,,HOPE Guidance Manual,v1.02,https://www.cms.gov/files/document/hope-guidance-manual-v1-02.pdf,2025-10-01,,OFFICIAL_SUBITEM_IDENTIFIED,UNVERIFIED
J,J2051,J2051E,Vomiting,Symptom Impact,,,,0|1|2|3|9,,9 = Not applicable,,Moderate/Severe may trigger SFV,,,,HOPE Guidance Manual,v1.02,https://www.cms.gov/files/document/hope-guidance-manual-v1-02.pdf,2025-10-01,,OFFICIAL_SUBITEM_IDENTIFIED,UNVERIFIED
J,J2051,J2051F,Diarrhea,Symptom Impact,,,,0|1|2|3|9,,9 = Not applicable,,Moderate/Severe may trigger SFV,,,,HOPE Guidance Manual,v1.02,https://www.cms.gov/files/document/hope-guidance-manual-v1-02.pdf,2025-10-01,,OFFICIAL_SUBITEM_IDENTIFIED,UNVERIFIED
J,J2051,J2051G,Constipation,Symptom Impact,,,,0|1|2|3|9,,9 = Not applicable,,Moderate/Severe may trigger SFV,,,,HOPE Guidance Manual,v1.02,https://www.cms.gov/files/document/hope-guidance-manual-v1-02.pdf,2025-10-01,,OFFICIAL_SUBITEM_IDENTIFIED,UNVERIFIED
J,J2051,J2051H,Agitation,Symptom Impact,,,,0|1|2|3|9,,9 = Not applicable,,Moderate/Severe may trigger SFV,,,,HOPE Guidance Manual,v1.02,https://www.cms.gov/files/document/hope-guidance-manual-v1-02.pdf,2025-10-01,,OFFICIAL_SUBITEM_IDENTIFIED,UNVERIFIED
