source_id,official_title,source_classification,publisher,version,publication_date,effective_date,verification_date,official_url,local_storage_path,sha256,applicable_sections,applicable_item_ids,mandatory_or_explanatory,supersedes,superseded_by,known_conflicts,resolution
GUIDANCE_MANUAL_V1_02,Hospice Outcomes and Patient Evaluation (HOPE) Guidance Manual,GUIDANCE_MANUAL,CMS,v1.02,UNVERIFIED,2025-10-01,2026-09-29,https://www.cms.gov/files/document/hope-guidance-manual-v1-02.pdf,session-state/87bc6586-74b5-4640-8dd0-95d380678bcb/files/hope-pdf-text/guidance_manual.txt,a5b3b853a5f09ff8584bd79223d3d5645aff6b98fb37e989e10cd7f36757b846,A;F;I;J;M;N;Z,ALL_45_TOP_LEVEL_PLUS_8_J2051_SUBITEMS,MANDATORY,PRIOR_HIS_COMPLETION_GUIDANCE,NONE_KNOWN,VERSION_FAMILY_GAP_VS_ITEM_SETS_V1_01,UNRESOLVED_SEE_CONFLICT_AUDIT
DATA_SPECS_V1_00_1,HOPE Data Submission Specifications (FINAL),TECHNICAL_SPECIFICATION,CMS,v1.00.1,2025-04-16,2025-10-01,2026-09-29,https://www.cms.gov/medicare/quality/hospice-quality-reporting-program/hope-technical-information,NOT_RETAINED,NOT_COMPUTED,A;F;I;J;M;N;Z,ALL_SUBMITTED_ITEMS,MANDATORY,V1_00_0_DRAFT,ERRATA_V1_00_2_AND_V1_00_3_PARTIAL,NONE_KNOWN,N/A
ERRATA_V1_00_2,Hospice Vendor Update and Errata (V1.00.2) for HOPE Data Specs (FINAL),ERRATA,CMS,v1.00.2,2025-06-24,2025-10-01,2026-09-29,https://www.cms.gov/files/document/errata-v1002-hope-data-specs-v1001-final-05-22-2025.pdf,NOT_RETAINED,NOT_COMPUTED,J,J0915,MANDATORY,DATA_SPECS_V1_00_1_ORIGINAL_J0915_EDITS,NONE_KNOWN,NONE_KNOWN,N/A
ERRATA_V1_00_3,Hospice Vendor Update and Errata (V1.00.3) for HOPE Data Specs (FINAL),ERRATA,CMS,v1.00.3,2026-01-29,2026-02-18,2026-09-29,https://www.cms.gov/files/document/hope-data-specs-errata-v1-00-3-01-16-2026.pdf,NOT_RETAINED,NOT_COMPUTED,A,A1400,MANDATORY,DATA_SPECS_V1_00_1_ORIGINAL_A1400_EDITS,NONE_KNOWN,NONE_KNOWN,N/A
ITEM_SET_ADMISSION_V1_01,HOPE Admission (ADM),ITEM_SET,CMS,v1.01,2025-03-19,2025-10-01,2026-09-29,https://www.cms.gov/files/document/hope-v101admission508c.pdf,session-state/87bc6586-74b5-4640-8dd0-95d380678bcb/files/cms-reference-docs/hope_admission_v101.pdf,821eac5acb41a03b7b85a94b0c0b1e6a6df1af173832cf609c39738953da9417,A;F;I;J;M;N,UNVERIFIED_NOT_CROSS_CHECKED,MANDATORY,ITEM_SET_ADMISSION_V1_00,NONE_KNOWN,VERSION_FAMILY_GAP_VS_GUIDANCE_MANUAL_V1_02,UNRESOLVED_SEE_CONFLICT_AUDIT
ITEM_SET_HUV,HOPE HUV item set (standalone document),ITEM_SET,CMS,NOT_LOCATED,NOT_LOCATED,NOT_LOCATED,2026-09-29,NOT_LOCATED,NOT_LOCATED,NOT_LOCATED,UNVERIFIED,UNVERIFIED,MANDATORY,UNKNOWN,UNKNOWN,STANDALONE_DOCUMENT_NOT_FOUND_SUBSTITUTE_IS_ITEM_SET_ALL_ITEMS_V1_01,OPEN_GAP_NOT_LOCATED
ITEM_SET_DISCHARGE_V1_01,HOPE Discharge (DC),ITEM_SET,CMS,v1.01,2025-03-19,2025-10-01,2026-09-29,https://www.cms.gov/files/document/hope-v101discharge508c.pdf,session-state/87bc6586-74b5-4640-8dd0-95d380678bcb/files/cms-reference-docs/hope_discharge_v101.pdf,0f3d0b7ca423da6080e95fdbc0cd6e0bee1dcc988e78414709006845f66a431b,A;F;I;J;M;N;Z,UNVERIFIED_NOT_CROSS_CHECKED,MANDATORY,ITEM_SET_DISCHARGE_V1_00,NONE_KNOWN,VERSION_FAMILY_GAP_VS_GUIDANCE_MANUAL_V1_02,UNRESOLVED_SEE_CONFLICT_AUDIT
ITEM_SET_ALL_ITEMS_V1_01,HOPE All Items,ITEM_SET,CMS,v1.01,2025-03-19,2025-10-01,2026-09-29,https://www.cms.gov/files/document/hope-v101all-item508c.pdf,session-state/87bc6586-74b5-4640-8dd0-95d380678bcb/files/cms-reference-docs/hope_all_item_v101.pdf,e1384c7344356f9009b9cf6268432164d25e3a3bd0dddd5009c57f7f1dcf65b1,A;F;I;J;M;N;Z,UNVERIFIED_NOT_CROSS_CHECKED,MANDATORY,UNKNOWN,NONE_KNOWN,VERSION_FAMILY_GAP_VS_GUIDANCE_MANUAL_V1_02;SUBSTITUTED_FOR_MISSING_HUV_ITEM_SET,UNRESOLVED_SEE_CONFLICT_AUDIT
HQRP_MEASURE_SPEC_V1_03,Hospice Quality Reporting Program Quality Measure Specifications User's Manual,QUALITY_MEASURE_SPECIFICATION,CMS,v1.03,UNVERIFIED,2025-10-01,2026-09-29,https://www.cms.gov/files/document/hqrp-qm-users-manual-v103-hope508.pdf,session-state/87bc6586-74b5-4640-8dd0-95d380678bcb/files/cms-reference-docs/hqrp_qm_users_manual_v103.pdf,06a862f803d072db00aadbacd5a30b5e8aa9167a0bd454f69d444a797ad8488a,J;M;N,UNVERIFIED_NOT_CROSS_CHECKED,MANDATORY,HQRP_MEASURE_SPEC_NOV_2023,NONE_KNOWN,NONE_KNOWN,N/A
HOPE_FAQ,HOPE Implementation Frequently Asked Questions (FAQs),FAQ_OR_TRAINING,CMS,UNVERSIONED,2025-07-31,N/A,2026-09-29,https://www.cms.gov/files/document/hope-implementation-faqs.pdf,session-state/87bc6586-74b5-4640-8dd0-95d380678bcb/files/cms-reference-docs/hope_faq_implementation.pdf,c55f4a29f81c1bde2b27f8f93a8f6226edfdd949096cc25b15db2514d1d4f9c2,GENERAL,N/A,EXPLANATORY,HOPE_FAQ_DEC_2019_PRESUMED,NONE_KNOWN,NONE_KNOWN,N/A
VUT_INSTRUCTIONS_V2_2,Assessment Submitter User Manual (Assessment Management),VALIDATION_GUIDANCE,CMS,v2.2,2025-10-28,2025-10-28,2026-09-29,https://qtso.cms.gov/system/files/qtso/iQIES%20Assessment%20Managment%20Manual%20for%20Assessment%20Submitter%20v2.2%20FINAL%2010.28.25_508.pdf,session-state/87bc6586-74b5-4640-8dd0-95d380678bcb/files/cms-reference-docs/iqies_assessment_submitter_manual_v2.2.pdf,0ac09a07133a9cb733cedf9af50a5a3f34c4cbd4e6c7a689c2b89e939097fd0d,GENERAL,N/A,MANDATORY,UNKNOWN,NONE_KNOWN,NONE_KNOWN,N/A
VUT_REFERENCE_MATERIAL,CMS HOPE VUT Error Message Reference Guide,VALIDATION_GUIDANCE,CMS,NOT_LOCATED,NOT_LOCATED,NOT_LOCATED,2026-09-29,NOT_LOCATED,NOT_LOCATED,NOT_LOCATED,UNVERIFIED,UNVERIFIED,MANDATORY,UNKNOWN,UNKNOWN,DOCUMENT_NOT_LOCATED_LIVE_THIS_PASS,OPEN_GAP_NOT_LOCATED
SNS_HOPE_SFV_CROSSWALK,SNS internal HOPE SFV guide,SNS_POLICY,SNS,UNVERSIONED,UNVERIFIED,N/A,2026-09-29,N/A,docs/compliance/hope-sfv-guide.md,NOT_COMPUTED,J,J2051;J2052;J2053,EXPLANATORY,NONE_KNOWN,NONE_KNOWN,NEVER_CONTROLLING_AUTHORITY_PER_STANDING_RULE,N/A
